{
    "blue_minus_1": {
        "x": 0,
        "y": 0,
        "width": 150,
        "height": 230
    },
    "blue_plus_1": {
        "x": 150,
        "y": 0,
        "width": 150,
        "height": 230
    },
    "blue_plus_2": {
        "x": 300,
        "y": 0,
        "width": 150,
        "height": 230
    },
    "green_minus_1": {
        "x": 0,
        "y": 230,
        "width": 150,
        "height": 230
    },
    "green_plus_1": {
        "x": 150,
        "y": 230,
        "width": 150,
        "height": 230
    },
    "green_plus_2": {
        "x": 300,
        "y": 230,
        "width": 150,
        "height": 230
    },
    "red_minus_1": {
        "x": 0,
        "y": 460,
        "width": 150,
        "height": 230
    },
    "red_plus_1": {
        "x": 150,
        "y": 460,
        "width": 150,
        "height": 230
    },
    "red_plus_2": {
        "x": 300,
        "y": 460,
        "width": 150,
        "height": 230
    },
    "purple_minus_1": {
        "x": 0,
        "y": 690,
        "width": 150,
        "height": 230
    },
    "purple_plus_1": {
        "x": 150,
        "y": 690,
        "width": 150,
        "height": 230
    },
    "purple_plus_2": {
        "x": 300,
        "y": 690,
        "width": 150,
        "height": 230
    },
    "yellow_minus_1": {
        "x": 0,
        "y": 920,
        "width": 150,
        "height": 230
    },
    "yellow_plus_1": {
        "x": 150,
        "y": 920,
        "width": 150,
        "height": 230
    },
    "yellow_plus_2": {
        "x": 300,
        "y": 920,
        "width": 150,
        "height": 230
    },
    "multi_minus_1": {
        "x": 0,
        "y": 1150,
        "width": 150,
        "height": 230
    },
    "multi_plus_1": {
        "x": 150,
        "y": 1150,
        "width": 150,
        "height": 230
    },
    "last_plus_1": {
        "x": 0,
        "y": 1380,
        "width": 150,
        "height": 230
    },
    "last_plus_2": {
        "x": 150,
        "y": 1380,
        "width": 150,
        "height": 230
    },



    "color_blue": {
        "x": 450,
        "y": 0,
        "width": 150,
        "height": 150
    },
    "color_green": {
        "x": 600,
        "y": 0,
        "width": 150,
        "height": 150
    },
    "color_red": {
        "x": 750,
        "y": 0,
        "width": 150,
        "height": 150
    },
    "color_purple": {
        "x": 900,
        "y": 0,
        "width": 150,
        "height": 150
    },
    "color_yellow": {
        "x": 450,
        "y": 150,
        "width": 150,
        "height": 150
    },



    "player_blue": {
        "x": 600,
        "y": 150,
        "width": 100,
        "height": 150
    },
    "player_green": {
        "x": 700,
        "y": 150,
        "width": 100,
        "height": 150
    },
    "player_red": {
        "x": 800,
        "y": 150,
        "width": 100,
        "height": 150
    },
    "player_purple": {
        "x": 900,
        "y": 150,
        "width": 100,
        "height": 150
    },
    "player_yellow": {
        "x": 1000,
        "y": 150,
        "width": 100,
        "height": 150
    },



    "board": {
        "x": 450,
        "y": 300,
        "width": 660,
        "height": 1328
    },
    "grass": {
        "x": 300,
        "y": 1150,
        "width": 150,
        "height": 150
    }
}