{
    "fields": [
      {
        "position": 1,
        "x": 390,
        "y": 1150
      },
      {
        "position": 2,
        "x": 230,
        "y": 1050
      },
      {
        "position": 3,
        "x": 160,
        "y": 920
      },
      {
        "position": 4,
        "x": 190,
        "y": 770
      },
      {
        "position": 5,
        "x": 350,
        "y": 660
      },
      {
        "position": 6,
        "x": 430,
        "y": 530
      },
      {
        "position": 7,
        "x": 310,
        "y": 400
      },
      {
        "position": 8,
        "x": 160,
        "y": 300
      },
      {
        "position": 9,
        "x": 230,
        "y": 160
      },
      {
        "position": 10,
        "x": 280,
        "y":35
      }
      
    ],
    "players":  {
        "red": {"x": 50, "y": 600},
        "blue": {"x": 150, "y": 600},
        "green": {"x": 250, "y": 600},
        "yellow": {"x": 350, "y": 600},
        "purple": {"x": 450, "y": 600}
      }
  }